ID,USERNAME,FIRSTNAME,LASTNAME,EMAIL,PASSWORD,USERSTATUS
4,vhuleatt3,Valdemar,Huleatt,vhuleatt3@typepad.com,0PJWQ21,222
5,nswinglehurst4,Normand,Swinglehurst,nswinglehurst4@list-manage.com,ehXFiEJ8R,101
6,abuckthought5,Ansley,Buckthought,abuckthought5@unesco.org,Q48tuHdfEY,101
7,bpridmore6,Boycey,Pridmore,bpridmore6@forbes.com,tmp7r1,222
8,mselborne7,Marlow,Selborne,mselborne7@dion.ne.jp,j9I6Yy,101
9,kbrosh8,Kingsley,Brosh,kbrosh8@dailymotion.com,DbCbiu,222
10,bgronaller9,Beatrice,Gronaller,bgronaller9@free.fr,pZxbLwk2Yb,222
11,mlovegrovea,Marion,Lovegrove,mlovegrovea@hao123.com,TaZIGjF,222
12,dcottrillb,Danyette,Cottrill,dcottrillb@bizjournals.com,uH6gTdlTm,222
13,jgoultc,Jeni,Goult,jgoultc@nationalgeographic.com,3MurZPjmI,101
14,cbettanayd,Collie,Bettanay,cbettanayd@drupal.org,Kg6Cr3EoI1,101
15,lcharrissone,Levon,Charrisson,lcharrissone@nydailynews.com,pIOjrrRy,222
16,csherarf,Constancy,Sherar,csherarf@goo.gl,Xc9yUeiIv7,222
17,mtroughtong,Magda,Troughton,mtroughtong@soup.io,zZs8Hr,222
18,djandlh,Daphene,Jandl,djandlh@shop-pro.jp,4gzXOo,222
19,vpoveleyei,Virgina,Poveleye,vpoveleyei@zimbio.com,juGeBu,101
20,rgiacomuzzoj,Renault,Giacomuzzo,rgiacomuzzoj@posterous.com,3FvdpCSC,101
21,acoakerk,Ann,Coaker,acoakerk@tripod.com,WuqcDJcO31iU,222
22,dbilsfordl,Davida,Bilsford,dbilsfordl@ifeng.com,mmf9bn1yl,101
23,swaszkiewiczm,Sherlock,Waszkiewicz,swaszkiewiczm@dailymail.co.uk,c1whCeDl7h,101
24,bdoldenn,Benton,Dolden,bdoldenn@yellowbook.com,SZ4RFVP,101
25,reslero,Rosemonde,Esler,reslero@prlog.org,lLShFM5zeR3,101
26,dpiercep,Dougy,Pierce,dpiercep@addtoany.com,yH1ehI4cneB,101
27,whedonq,Weston,Hedon,whedonq@1688.com,tOX5Lge05vK,101
28,rwestoffr,Regina,Westoff,rwestoffr@google.pl,HQkgp4k,101
29,mhindmoors,Margarethe,Hindmoor,mhindmoors@vistaprint.com,kXPNe6nncMwR,222
30,hgarredt,Hamel,Garred,hgarredt@xing.com,gst70Yq5nJGk,222
